<DATE>;<TIME>;<OPEN>;<HIGH>;<LOW>;<CLOSE>;<VOL>
20131202;000000;33.2500000;33.2835000;32.7000000;32.7000000;14297124000
20131209;000000;32.7600000;32.9000000;32.6400000;32.8505000;20284836000
20131216;000000;32.8500000;33.0390000;32.7500000;32.9800000;17310492000
20131223;000000;32.9455000;33.0145000;32.1240000;32.5945000;21167056000
20131230;000000;32.6700000;32.8545000;32.4500000;32.8350000;2828546000
20140106;000000;33.1880000;33.2995000;33.0250000;33.0270000;8345857000
20140113;000000;33.0385000;33.6210000;33.0300000;33.5905000;22563920000
20140120;000000;33.5950000;34.6255000;33.5835000;34.5270000;27975229000
20140127;000000;34.6165000;35.4500000;34.4170000;35.1960000;41457591000
20140203;000000;35.1670000;35.5620000;34.2620000;34.7685000;28079829000
20140210;000000;34.7100000;35.3870000;34.6800000;35.0800000;26937695000
20140217;000000;35.1180000;35.9140000;35.0055000;35.4890000;25540112000
20140224;000000;35.5140000;37.0000000;35.2820000;35.8860000;30478480000
20140303;000000;36.6445000;37.0005000;35.9000000;36.4695000;39182331000
20140310;000000;36.4610000;36.7035000;36.3060000;36.5970000;20696171000
20140317;000000;36.6360000;36.7275000;35.8815000;36.2595000;30552487000
20140324;000000;36.2500000;36.2570000;35.3250000;35.7800000;26887549000
20140331;000000;35.7060000;35.7060000;34.9265000;35.3000000;24244777000
20140407;000000;35.3645000;35.8460000;35.3600000;35.6450000;24530954000
20140414;000000;35.9375000;36.2155000;35.4220000;35.6105000;21200708000
20140421;000000;35.6540000;36.0800000;35.5900000;36.0285000;19534896000
20140428;000000;36.0985000;36.1000000;35.5200000;35.8735000;12317877000
20140505;000000;35.8855000;35.8860000;34.7435000;35.0400000;15592106000
20140512;000000;35.2480000;35.2975000;34.5975000;34.7700000;22253870000
20140519;000000;34.7775000;34.7775000;34.0650000;34.1700000;21472976000
20140526;000000;34.0375000;34.9360000;34.0250000;34.8945000;20108081000
20140602;000000;34.9060000;35.2500000;34.3795000;34.4180000;17026993000
20140609;000000;34.4000000;34.4940000;34.2540000;34.4520000;10782745000
20140616;000000;34.4700000;34.8935000;34.1525000;34.4790000;23054413000
20140623;000000;34.4185000;34.4190000;33.5450000;33.7380000;23554336000
20140630;000000;33.7470000;34.5000000;33.7330000;34.4200000;16474662000
20140707;000000;34.4715000;34.6290000;33.7860000;34.2055000;19012482000
20140714;000000;34.3320000;35.2625000;34.2100000;35.1425000;19106958000
20140721;000000;35.1900000;35.2240000;34.7550000;35.1300000;21276099000
20140728;000000;35.3160000;35.9410000;35.2800000;35.7495000;19015928000
20140804;000000;35.6495000;36.5470000;35.6200000;36.1205000;17424726000
20140811;000000;36.1010000;36.3035000;35.8165000;36.1310000;21126513000
20140818;000000;35.9800000;36.3870000;35.9400000;36.1100000;18541007000
20140825;000000;36.1045000;37.2170000;35.9970000;37.1235000;21353290000
20140901;000000;37.1995000;37.5100000;36.6600000;36.9200000;28158299000
20140908;000000;37.1090000;37.9700000;36.8600000;37.7850000;17991327000
20140915;000000;37.8900000;38.9300000;37.8495000;38.4215000;24867555000
20140922;000000;38.3575000;39.1920000;38.1390000;39.1765000;25552035000
20140929;000000;39.2720000;39.9660000;39.2160000;39.9570000;23023872000
20141006;000000;39.9985000;40.4600000;39.6485000;40.3250000;23959398000
20141013;000000;40.2445000;41.1500000;40.1980000;40.7525000;30030611000
20141020;000000;40.8600000;42.0100000;40.7790000;41.9060000;27573771000
20141027;000000;41.7615000;43.6600000;41.0005000;43.0340000;43234815000
20141103;000000;43.1500000;48.6495000;43.1300000;46.6500000;23449208000
20141110;000000;46.4820000;47.8450000;44.9565000;47.1735000;22708780000
20141117;000000;47.0650000;47.5335000;45.3185000;45.7140000;20031822000
20141124;000000;45.5715000;50.4085000;44.3450000;50.4085000;28081727000
20141201;000000;51.0600000;54.9090000;50.3005000;52.5100000;31458335000
20141208;000000;52.8610000;58.5260000;52.8580000;58.1800000;21136225000
20141215;000000;58.1595000;80.1000000;57.5045000;58.5500000;28574170000
20141222;000000;58.8580000;58.8580000;51.6670000;54.0040000;16520679000
20141229;000000;54.6740000;59.4000000;54.6015000;56.0000000;9442094000
20150105;000000;59.1885000;64.1650000;57.5160000;61.5500000;3060241000
20150112;000000;62.0005000;66.6910000;62.0005000;65.1985000;15772220000
20150119;000000;65.3995000;66.0715000;62.9145000;64.2395000;13659339000
20150126;000000;64.5960000;71.8465000;64.5960000;68.9105000;19137611000
20150202;000000;69.2210000;70.5090000;64.5070000;66.9850000;23258057000
20150209;000000;66.5350000;67.5000000;63.0000000;63.5000000;19411739000
20150216;000000;63.0480000;63.5940000;61.1700000;62.0500000;20118601000
20150223;000000;63.7270000;64.2000000;59.6010000;61.6000000;16237705000
20150302;000000;61.9500000;62.7290000;59.2820000;60.4450000;14857729000
20150309;000000;60.8010000;63.0500000;60.1200000;62.2490000;15713993000
20150316;000000;62.2980000;62.7500000;58.9900000;59.2550000;18999713000
20150323;000000;59.1340000;59.8830000;56.0390000;57.9000000;21079178000
20150330;000000;58.3230000;58.6770000;56.1900000;56.6060000;16533855000
20150406;000000;56.7690000;56.7690000;50.2700000;53.6000000;23867923000
20150413;000000;53.3500000;53.3500000;49.4200000;51.8950000;22109533000
20150420;000000;51.6090000;54.1680000;50.0650000;50.9000000;23146512000
20150427;000000;50.9080000;52.6350000;50.6340000;51.6900000;15055921000
20150504;000000;52.1280000;52.3520000;49.5930000;51.0400000;14236997000
20150511;000000;51.2830000;51.3910000;48.8290000;49.5700000;13637491000
20150518;000000;49.1590000;50.2000000;48.9220000;50.0280000;18493366000
20150525;000000;49.8950000;53.2250000;49.7600000;52.3100000;23263207000
20150601;000000;52.5970000;57.2190000;52.5190000;56.2450000;24155220000
20150608;000000;56.1200000;56.4010000;53.7810000;54.7980000;17106218000
20150615;000000;55.4890000;55.5710000;53.0050000;54.0000000;21388694000
20150622;000000;53.9230000;55.3040000;53.3520000;54.7800000;20054328000
20150629;000000;55.4320000;56.0000000;54.9740000;56.0000000;17457099000
20150706;000000;56.2630000;57.6880000;56.2000000;56.4290000;19516597000
20150713;000000;56.5810000;57.2320000;56.3350000;56.9870000;15898267000
20150720;000000;56.8230000;58.7280000;56.7160000;58.4250000;17724906000
20150727;000000;58.4250000;61.7550000;58.3300000;61.7200000;28240581000
20150803;000000;62.0500000;64.7000000;62.0500000;64.0450000;24711331000
20150810;000000;64.4850000;65.2520000;62.7010000;64.9970000;22053120000
20150817;000000;65.3700000;69.2790000;65.1000000;69.1080000;22413177000
20150824;000000;70.0600000;71.6490000;64.5160000;65.4020000;35781620000
20150831;000000;65.4990000;68.5390000;63.7190000;68.4200000;32555199000
20150907;000000;68.4840000;69.3000000;67.3310000;67.9240000;20769742000
20150914;000000;67.7800000;68.1000000;64.9000000;66.5020000;24704680000
20150921;000000;66.2890000;66.7790000;65.4000000;65.5300000;22008140000
20150928;000000;65.6970000;66.6890000;64.7360000;66.0120000;22093464000
20151005;000000;65.7740000;65.9720000;60.8160000;61.8760000;28580525000
20151012;000000;61.1500000;63.3030000;60.9140000;61.2850000;24534751000
20151019;000000;61.2990000;63.1850000;61.1500000;62.3800000;24966834000
20151026;000000;62.1400000;65.5220000;62.1060000;63.9580000;27271320000
20151102;000000;63.7950000;64.8310000;62.3400000;64.5980000;17303154000
20151109;000000;64.5030000;66.9920000;64.0750000;66.7770000;23559050000
20151116;000000;66.6230000;66.6420000;64.3210000;64.7500000;23676134000
20151123;000000;65.4190000;66.4890000;64.9040000;66.4800000;20774600000
20151130;000000;66.6100000;68.3250000;65.7550000;68.1350000;21302934000
20151207;000000;68.4470000;70.5000000;68.3650000;70.3620000;23993052000
20151214;000000;70.2610000;71.4730000;69.6340000;70.9480000;27195877000
20151221;000000;71.3850000;71.4140000;69.1550000;70.6890000;16714721000
20151228;000000;70.4040000;73.6300000;70.3600000;73.5900000;13248671000
20160104;000000;73.0810000;75.1000000;72.6150000;74.7600000;4510009000
20160111;000000;75.7210000;77.9500000;75.0600000;77.6030000;25925334000
20160118;000000;78.0480000;85.9990000;77.9010000;78.0240000;36550668000
20160125;000000;77.2920000;82.3000000;74.5720000;75.4300000;37564759000
20160201;000000;75.7300000;79.9000000;75.4540000;77.4700000;31430658000
20160208;000000;76.8780000;80.6400000;76.3820000;78.3400000;29579135000
20160215;000000;77.9170000;78.3260000;74.6310000;77.0500000;26246819000
20160222;000000;76.3560000;77.5800000;74.4760000;76.2000000;19113008000
20160229;000000;75.5480000;76.2960000;71.7500000;71.9700000;21144369000
20160307;000000;71.6960000;72.6670000;69.4350000;69.8830000;16770349000
20160314;000000;70.0000000;71.4400000;67.2620000;68.3890000;26106582000
20160321;000000;68.4100000;69.6650000;67.2000000;68.4540000;21150012000
20160328;000000;68.0870000;69.2440000;66.7030000;67.5950000;22872869000
20160404;000000;68.2500000;69.4880000;66.9210000;67.1500000;21856025000
20160411;000000;67.0520000;67.3680000;65.1840000;66.4470000;23293893000
20160418;000000;67.9040000;68.8000000;62.6850000;66.4550000;25921102000
20160425;000000;66.2730000;66.8550000;63.9830000;64.6300000;19950176000
20160502;000000;66.6140000;66.7990000;65.1900000;65.9450000;11950327000
20160509;000000;66.2700000;66.6720000;64.5610000;65.4800000;14119160000
20160516;000000;64.8320000;67.3300000;64.3660000;66.7980000;20413824000
20160523;000000;66.9760000;67.2370000;64.8830000;66.1440000;16506962000
20160530;000000;66.2000000;67.7100000;65.5875000;65.6200000;17607271000
20160606;000000;65.3000000;65.9900000;63.4000000;65.2800000;18706857000
20160613;000000;65.8650000;66.3150000;64.7050000;64.8500000;14733738000
20160620;000000;64.5025000;67.5775000;63.4900000;65.2625000;17878501000
20160627;000000;64.9850000;65.6500000;63.6075000;63.8000000;17174662000
20160704;000000;63.5400000;64.8050000;63.5200000;63.9800000;15833378000
20160711;000000;64.1000000;64.3100000;62.7300000;63.5100000;17603011000
20160718;000000;63.3525000;64.9800000;62.7875000;64.8800000;16675298000
20160725;000000;64.8000000;67.3000000;64.7725000;66.0350000;20484932000
20160801;000000;65.8050000;67.0300000;64.9975000;65.5475000;18169838000
20160808;000000;65.4975000;65.5150000;64.0800000;64.7500000;17742326000
20160815;000000;64.5625000;64.5625000;63.3800000;63.9000000;17325439000
20160822;000000;64.2500000;65.3275000;64.0550000;64.8600000;17670620000
20160829;000000;64.9900000;65.9775000;64.7300000;65.0950000;16407705000
20160905;000000;65.0000000;65.1500000;63.5650000;64.8200000;17241853000
20160912;000000;64.9000000;65.4700000;64.4175000;65.1200000;19909301000
20160919;000000;64.8900000;65.0200000;63.3775000;64.0600000;18026099000
20160926;000000;64.0000000;64.2900000;62.6400000;62.8050000;19186494000
20161003;000000;62.8275000;62.8600000;61.9525000;62.2125000;18083068000
20161010;000000;62.0700000;63.5150000;61.8175000;62.9600000;19537209000
20161017;000000;63.0000000;63.2200000;62.2000000;62.3700000;14335096000
20161024;000000;62.4025000;63.2500000;61.9500000;63.0200000;17815797000
20161031;000000;63.0850000;63.8500000;62.9025000;63.5800000;12233861000
20161107;000000;64.0625000;66.3000000;63.2200000;65.7200000;23894096000
20161114;000000;65.8500000;66.4950000;63.9975000;64.7025000;24121510000
20161121;000000;64.6175000;64.9775000;63.4650000;64.9500000;20321299000
20161128;000000;64.8775000;65.5000000;63.4975000;63.8800000;20046010000
20161205;000000;63.9100000;64.1150000;62.2050000;62.4950000;15368119000
20161212;000000;62.1075000;62.5175000;60.4700000;62.0825000;23804527000
20161219;000000;61.9000000;62.0725000;60.6825000;61.0400000;13521049000
20161226;000000;61.1300000;61.6575000;60.1075000;61.2725000;12784838000
20170102;000000;61.1000000;61.2900000;59.1025000;59.6200000;6174951000
20170109;000000;59.6225000;60.6975000;59.0875000;59.6600000;15689198000
20170116;000000;59.6300000;60.2650000;58.9500000;59.7550000;18130342000
20170123;000000;59.7000000;60.6200000;59.0575000;59.8300000;21961514000
20170130;000000;59.9075000;60.4300000;58.5600000;58.9625000;18364348000
20170206;000000;58.9975000;59.6275000;58.2100000;58.2400000;16881371000
20170213;000000;58.3200000;58.5500000;56.5500000;58.4175000;23143767000
20170220;000000;58.1750000;58.5900000;57.3000000;58.4450000;11058275000
20170227;000000;58.0700000;59.0100000;57.5775000;58.2300000;19946505000
20170306;000000;58.3025000;59.5000000;57.8750000;58.9975000;15996098000
20170313;000000;59.0625000;59.6275000;57.1550000;57.2200000;21175129000
20170320;000000;57.3300000;58.2200000;56.8700000;56.8800000;20342209000
20170327;000000;56.9450000;57.2225000;55.8500000;56.2800000;17335873000
20170403;000000;56.0400000;57.2550000;55.8000000;57.2500000;17781107000
20170410;000000;57.5000000;57.5925000;56.0825000;56.3625000;14485216000
20170417;000000;56.3100000;56.7450000;55.8500000;56.4550000;13731553000
20170424;000000;56.0100000;57.2700000;55.7150000;56.9225000;17741782000
20170501;000000;56.9800000;58.8225000;56.8550000;57.9325000;14937781000
20170508;000000;58.2700000;58.3700000;56.9200000;57.0850000;8788490000
20170515;000000;56.6800000;58.1375000;56.1600000;56.9000000;19797296000
20170522;000000;56.5925000;57.0275000;56.0000000;56.5000000;19831980000
20170529;000000;56.7600000;56.9475000;56.1125000;56.6575000;14540913000
20170605;000000;56.4500000;57.1700000;56.3925000;57.0300000;14185460000
20170612;000000;56.9475000;57.8900000;56.8175000;57.7700000;16713448000
20170619;000000;57.6400000;60.4275000;57.6325000;59.3850000;25111685000
20170626;000000;59.1900000;59.8875000;58.6100000;58.9300000;18251652000
20170703;000000;58.9500000;60.6250000;58.7900000;60.3550000;17365250000
20170710;000000;60.3025000;60.9900000;59.0400000;59.0900000;17096013000
20170717;000000;59.1325000;59.4650000;58.7725000;59.3600000;13795850000
20170724;000000;59.4025000;60.2100000;59.3100000;59.5650000;15574771000
20170731;000000;59.6400000;60.8500000;59.6000000;59.9700000;16373762000
20170807;000000;60.0525000;60.3350000;59.7050000;59.8625000;15319853000
20170814;000000;59.7800000;60.1200000;58.9800000;59.0000000;10552594071
20170821;000000;59.1000000;59.2750000;58.5400000;58.5750000;11428409000
20170828;000000;58.7375000;58.9150000;57.3700000;57.5200000;16020998000
20170904;000000;57.6825000;58.1150000;56.7800000;57.3675000;15015776000
20170911;000000;57.2875000;57.9900000;57.0400000;57.6900000;15682623000
20170918;000000;57.6575000;58.3875000;57.4375000;57.5000000;15289913000
20170925;000000;57.6025000;58.5850000;57.2400000;57.4800000;19632718000
20171002;000000;57.5575000;58.2625000;57.3800000;58.1900000;13032281000
20171009;000000;58.2700000;58.5100000;57.0550000;57.1600000;13738164000
20171016;000000;57.1775000;57.7300000;56.9875000;57.4825000;13270774000
20171023;000000;57.5475000;58.7675000;57.3750000;58.0600000;18557550000
20171030;000000;57.9975000;59.2825000;57.6575000;59.0800000;18085655000
20171106;000000;58.2800000;59.5875000;58.2100000;59.2200000;15390127000
20171113;000000;59.1950000;60.9200000;59.0025000;59.0800000;17780612000
20171120;000000;59.2825000;59.5950000;58.2500000;58.3700000;13600391000
20171127;000000;58.4000000;59.1675000;58.0400000;58.8800000;15613081000
20171204;000000;58.9700000;59.4200000;58.5950000;59.1300000;13154759000
20171211;000000;59.2000000;59.3300000;58.5325000;58.8000000;13255511000
20171218;000000;58.7475000;58.8800000;58.1900000;58.3750000;11732273000
20171225;000000;58.7200000;59.0025000;57.3800000;57.6300000;13165118000
20180101;000000;57.6575000;57.8900000;56.8000000;56.9825000;1865605000
20180108;000000;57.0875000;57.1850000;56.4175000;56.6500000;11220028000
20180115;000000;56.5900000;56.9650000;56.2025000;56.7200000;15513709000
20180122;000000;56.7300000;56.7300000;55.5850000;56.2750000;15882402000
20180129;000000;56.2500000;56.5600000;55.8850000;56.5500000;17224510000
20180205;000000;56.5750000;58.7700000;56.4875000;58.4000000;24376340000
20180212;000000;58.0675000;58.1725000;56.1650000;56.3975000;18730666000
20180219;000000;56.3900000;56.8775000;56.2400000;56.5175000;10567463000
20180226;000000;56.0900000;57.3825000;55.5575000;56.8150000;20217636000
20180305;000000;56.8575000;57.3125000;56.2600000;56.6600000;10906716000
20180312;000000;56.7275000;57.8125000;56.4850000;57.4900000;17176332000
20180319;000000;57.5400000;58.0425000;56.7300000;57.2900000;17757573000
20180326;000000;56.9400000;57.8825000;56.8250000;57.1450000;15637017000
20180402;000000;57.2000000;58.1750000;57.1625000;58.1750000;14156114000
20180409;000000;58.1750000;65.0575000;58.1625000;62.0500000;36672783000
20180416;000000;62.6175000;62.6200000;60.0000000;61.4000000;18716589000
20180423;000000;61.3700000;63.0400000;61.3000000;62.2700000;20704849000
20180430;000000;62.3000000;64.2975000;62.2025000;62.5050000;9768298000
20180507;000000;62.7575000;63.6775000;61.4150000;61.9300000;13012258000
20180514;000000;61.9250000;62.7700000;61.5500000;62.2575000;18760214000
20180521;000000;62.4800000;62.7150000;60.9375000;62.2875000;20469004000
20180528;000000;62.3050000;62.9300000;61.9350000;62.1925000;16791654000
20180604;000000;62.1000000;62.9425000;61.6825000;62.5250000;17374919000
20180611;000000;62.2275000;63.3500000;61.9550000;63.1975000;13156845000
20180618;000000;63.2500000;64.2200000;62.8050000;62.8950000;19337738000
20180625;000000;63.2700000;63.4900000;62.5700000;62.7700000;17714730000
20180702;000000;63.1325000;63.6000000;62.9050000;62.9725000;12510031000
20180709;000000;62.8775000;62.9350000;61.6375000;62.5600000;17738335000
20180716;000000;62.4825000;63.7950000;62.0950000;63.5150000;16614056000
20180723;000000;63.3725000;63.5475000;62.6500000;62.7975000;15122390000
20180730;000000;62.8150000;63.5600000;62.1825000;63.3375000;14408468000
20180806;000000;63.3950000;67.9275000;63.3725000;67.7200000;20161364000
20180813;000000;68.6525000;68.6600000;66.2325000;67.0300000;19371678000
20180820;000000;67.2100000;69.0100000;66.8550000;67.1000000;19347361000
20180827;000000;67.3850000;68.5000000;66.9750000;67.5500000;15161790000
20180903;000000;67.7200000;69.9500000;67.6425000;69.9125000;16868585000
20180910;000000;69.9200000;70.6000000;67.4600000;68.0525000;19462912000
20180917;000000;68.4800000;68.4800000;66.1150000;66.4100000;15371538000
20180924;000000;66.4900000;66.4900000;65.2150000;65.5350000;12523411000
20181001;000000;65.4800000;67.0550000;64.8475000;66.5975000;14142485000
20181008;000000;66.8225000;67.1050000;65.8500000;66.1175000;12042423000
20181015;000000;65.9800000;65.9800000;65.2450000;65.4900000;12954328000
20181022;000000;65.5400000;65.9900000;64.9450000;65.7200000;15184742000
20181029;000000;65.8200000;66.2875000;65.4625000;66.2025000;12113740000
20181105;000000;65.9900000;68.1900000;65.7525000;68.0050000;11048416000
20181112;000000;67.6500000;68.2800000;65.6600000;65.9800000;15484120000
20181119;000000;65.9950000;66.4200000;65.1800000;66.1925000;14365536000
20181126;000000;66.5200000;67.5450000;65.9175000;66.9500000;17941826000
20181203;000000;66.5500000;67.2325000;65.9850000;66.3950000;14212897000
20181210;000000;66.2600000;66.8150000;66.1175000;66.7600000;11064221000
20181217;000000;66.6600000;69.1275000;66.4325000;68.8400000;15108127000
20181224;000000;68.4900000;69.9500000;68.1700000;69.8175000;10516115000
20181231;000000;69.3950000;71.4525000;67.5125000;67.7400000;2313850000
20190107;000000;66.8650000;67.4500000;66.6675000;66.8750000;9888114000
20190114;000000;67.0800000;67.3025000;66.1200000;66.2750000;12768884000
20190121;000000;66.3500000;66.6275000;65.6750000;66.0000000;13120957000
20190128;000000;65.6600000;66.4150000;65.1600000;65.5050000;13731629000
20190204;000000;65.5950000;66.1575000;65.4200000;65.8100000;9227380000
20190211;000000;65.6550000;67.1625000;65.5025000;66.3000000;13358427000
20190218;000000;65.9000000;66.3950000;65.3050000;65.3925000;10215467000
20190225;000000;65.3900000;66.0250000;65.1625000;65.9400000;9185574000
20190304;000000;65.8800000;66.3075000;65.6375000;66.2825000;7165317000
20190311;000000;66.2600000;66.3300000;64.7900000;64.8150000;9980839000
20190318;000000;65.6525000;65.6525000;63.6300000;64.6600000;15491589000
20190325;000000;64.6400000;65.7625000;63.9200000;65.6375000;17388818000
20190401;000000;65.2525000;65.8500000;65.0400000;65.3400000;12296975000
20190408;000000;65.4000000;65.4525000;64.1275000;64.3500000;11782231000
20190415;000000;64.0525000;64.4550000;63.8000000;64.0500000;8766279000
20190422;000000;63.8750000;64.9825000;63.6575000;64.7350000;11499780000
20190429;000000;64.7475000;67.0000000;64.3325000;65.0775000;6214349000
20190506;000000;65.3575000;65.5100000;64.9000000;65.0750000;7142259000
20190513;000000;65.4150000;65.5600000;64.3900000;64.7775000;10777116000
20190520;000000;64.6950000;64.9275000;64.1125000;64.4725000;10801543000
20190527;000000;64.4925000;65.5900000;64.3625000;65.4300000;11723180000
20190603;000000;65.5150000;65.5975000;64.7450000;64.8050000;11875842000
20190610;000000;64.8300000;64.8675000;64.2150000;64.3800000;7881015000
20190617;000000;64.3775000;64.3975000;62.8700000;63.0250000;13694409000
20190624;000000;62.9950000;63.3300000;62.4975000;63.2400000;12010780000
20190701;000000;62.9325000;63.8675000;62.7775000;63.8025000;11612911000
20190708;000000;63.8975000;63.9975000;62.7550000;62.9775000;10014468000
20190715;000000;63.0300000;63.1375000;62.5600000;63.0550000;9258270000
20190722;000000;63.0325000;63.5075000;62.8350000;63.3675000;10453623000
20190729;000000;63.4575000;65.4325000;63.1000000;65.2725000;14452145000
20190805;000000;65.3225000;65.7000000;64.8450000;65.2825000;14063772000
20190812;000000;65.2625000;66.5850000;64.7850000;66.5200000;17260561000
20190819;000000;66.3300000;67.1100000;65.4450000;65.9850000;13835253000
20190826;000000;65.9700000;66.9875000;65.8300000;66.7900000;11821423000
20190902;000000;66.7825000;67.1400000;65.5900000;65.7300000;10478227000
20190909;000000;65.5500000;65.6725000;64.1450000;64.3375000;11396181000
20190916;000000;63.8525000;64.5100000;63.5775000;64.0100000;11563185000
20190923;000000;63.9425000;64.7125000;63.6100000;64.6975000;11508860000
20190930;000000;64.6500000;65.5650000;64.5425000;64.6150000;11757305000
20191007;000000;64.7200000;65.3675000;64.0075000;64.2050000;10353463000
20191014;000000;64.2900000;64.5075000;63.7500000;63.7600000;8901038000
20191021;000000;63.8175000;64.1425000;63.5550000;63.8525000;10575305000
20191028;000000;63.8525000;64.1800000;63.3700000;63.5400000;10256256000
20191104;000000;63.3725000;64.0350000;63.1750000;63.8000000;8422628000
20191111;000000;63.9300000;64.4700000;63.7100000;63.7675000;9548667000
20191118;000000;63.7500000;64.1125000;63.6175000;63.8700000;8871636000
20191125;000000;63.8325000;64.3475000;63.7275000;64.3175000;8549163000
20191202;000000;64.3750000;64.4925000;63.6000000;63.7550000;8146651000
20191209;000000;63.6800000;63.8100000;62.1500000;62.8975000;9617786000
20191216;000000;62.8000000;62.8600000;62.0125000;62.2525000;9282693000
20191223;000000;62.2850000;62.3600000;61.5075000;62.0325000;8401378000
20191230;000000;62.0275000;62.2375000;61.6450000;62.1000000;2619284000
20200106;000000;62.1000000;62.3975000;60.8775000;61.0600000;5562395000
20200113;000000;61.0475000;61.8100000;60.8825000;61.5550000;12321972000
20200120;000000;61.5300000;62.2875000;61.3825000;62.0700000;11080378000
20200127;000000;62.3525000;63.9500000;62.1875000;63.9150000;17099475000
20200203;000000;63.9175000;64.2375000;62.5450000;64.1250000;17668456000
20200210;000000;63.9325000;64.3025000;62.9100000;63.5625000;15185876000
20200217;000000;63.4550000;64.5725000;63.2125000;64.0725000;15031186000
20200224;000000;64.8500000;67.6500000;64.6600000;66.8775000;20877240000
20200302;000000;66.6775000;68.5950000;65.3000000;68.5725000;24261933000
20200309;000000;72.2450000;75.4900000;70.6775000;72.5975000;22937533000
20200316;000000;73.9900000;81.9725000;73.2025000;79.9325000;25049221000
20200323;000000;80.6900000;81.4950000;76.9675000;78.8200000;19998765000
20200330;000000;80.0775000;80.8500000;76.4900000;76.4925000;18496056000
20200406;000000;76.8400000;77.1000000;72.5950000;73.7500000;14937616000
20200413;000000;73.3500000;75.3500000;72.7250000;73.9900000;15587576000
20200420;000000;74.8700000;77.6500000;73.9650000;74.5450000;19465745000
20200427;000000;74.4675000;74.9000000;72.6125000;74.3950000;12870208000
20200504;000000;75.2800000;75.9700000;73.1000000;73.4000000;11594716000
20200511;000000;73.7000000;74.4950000;72.9725000;73.5800000;10758920000
20200518;000000;73.1000000;73.1725000;70.6000000;71.6400000;15249663000
20200525;000000;71.5300000;71.8475000;70.1200000;70.1425000;12422726000
20200601;000000;69.9200000;69.9875000;68.2125000;68.7000000;14582196000
20200608;000000;68.3575000;70.2800000;68.0400000;70.2000000;10634553000
20200615;000000;70.4900000;70.6975000;69.1550000;69.4375000;12395086000
20200622;000000;69.5525000;69.9975000;68.5500000;69.8000000;9563770000
20200629;000000;69.8400000;71.6675000;69.5950000;71.3700000;11388268000
20200706;000000;70.9200000;72.3125000;70.4925000;70.7275000;12568624000
20200713;000000;70.6325000;72.0000000;70.4725000;71.8725000;11494892000
20200720;000000;71.8475000;72.1525000;70.5400000;71.7350000;11716382000
20200727;000000;71.5375000;74.5025000;71.4375000;74.4200000;13445267000
20200803;000000;74.4550000;74.6800000;72.6375000;73.7275000;12739278000
20200810;000000;73.8450000;74.0100000;72.6975000;72.8750000;10143626000
20200817;000000;72.9450000;75.0100000;72.7725000;74.8000000;12369665000
20200824;000000;74.5225000;76.0025000;74.0000000;74.0125000;11711518000
20200831;000000;74.2400000;75.8500000;73.3600000;75.4325000;14607889000
20200907;000000;75.5900000;76.5950000;74.6675000;75.0500000;14446946000
20200914;000000;74.8450000;75.7750000;74.5750000;75.7450000;12366382000
20200921;000000;75.6575000;78.5000000;75.5450000;78.2075000;19908376000
20200928;000000;78.1500000;79.9750000;77.0000000;78.2025000;17864053000
20201005;000000;77.9900000;79.2500000;76.6600000;76.7675000;13298796000
20201012;000000;76.9275000;78.4700000;76.8400000;77.9375000;13188834000
20201019;000000;78.0750000;78.0775000;76.1125000;76.1250000;14144488000
20201026;000000;76.5400000;79.6300000;76.0100000;79.5300000;18631696000
20201102;000000;79.9000000;80.9525000;76.7775000;77.4100000;15161321000
20201109;000000;77.3300000;77.7125000;75.7500000;77.3875000;19149013000
20201116;000000;77.1775000;77.1900000;75.5225000;76.2000000;17328154000
20201123;000000;76.0575000;76.5375000;75.3025000;75.8525000;17158991000
20201130;000000;76.3000000;76.5900000;73.7575000;74.0500000;18982850000
20201207;000000;74.2675000;74.5200000;72.8500000;72.9450000;17220286000
20201214;000000;72.9975000;73.9850000;72.6475000;73.3475000;16594805000
20201221;000000;73.9150000;75.9100000;73.6225000;74.1700000;17405312000
20201228;000000;74.1425000;74.9900000;73.3650000;74.4150000;9146183000
20210104;000000;74.1350000;75.2875000;73.0550000;74.1550000;9237331000
20210111;000000;74.4325000;75.0000000;73.1025000;73.6450000;17115246000
20210118;000000;74.0075000;75.3625000;73.2000000;75.3000000;16271180000
20210125;000000;74.9325000;76.5000000;74.5300000;75.7550000;20816022000
20210201;000000;75.5975000;76.3425000;74.5125000;74.6450000;16564354000
20210208;000000;74.5000000;74.5775000;73.5000000;73.7175000;15234417000
20210215;000000;73.3800000;74.2000000;73.1250000;74.0800000;15930821000
20210222;000000;74.1900000;75.0750000;73.3250000;74.6300000;14993464000
20210301;000000;74.2500000;74.9800000;73.3500000;74.2025000;19376977000
20210308;000000;74.5000000;74.5350000;73.1800000;73.3300000;11772899000
20210315;000000;73.4000000;74.4800000;72.5300000;74.1150000;20374873000
20210322;000000;74.3750000;76.9800000;74.1750000;75.6550000;19800945000
20210329;000000;75.7200000;76.5525000;75.2200000;76.5525000;12495354000
20210405;000000;76.4000000;78.0450000;75.9875000;77.3950000;15211863000
20210412;000000;77.3950000;77.7575000;75.3150000;75.8175000;19482232000
20210419;000000;76.0000000;77.0700000;74.6500000;74.9800000;16771662000
20210426;000000;75.4475000;75.5000000;74.1900000;75.2100000;12312245000
20210503;000000;75.1675000;75.3625000;72.0025000;73.7850000;8829026000
20210510;000000;73.7850000;74.6700000;73.5125000;74.0125000;11436021000
20210517;000000;74.0000000;74.1350000;73.3600000;73.5975000;11922771000
20210524;000000;73.6000000;73.8575000;73.1500000;73.1500000;12401390000
20210531;000000;73.3450000;73.7450000;72.7625000;72.7950000;10247824000
20210607;000000;72.8200000;73.0575000;71.5500000;72.1300000;11898789000
20210614;000000;72.1300000;72.8650000;71.6200000;72.8500000;15514823000
20210621;000000;72.9650000;73.3450000;72.0375000;72.2025000;12712220000
20210628;000000;72.2675000;73.8100000;72.0925000;73.2400000;13009540000
20210705;000000;73.2625000;75.3500000;73.1550000;74.3600000;13475041000
20210712;000000;74.2000000;74.8000000;73.8900000;74.0725000;11786325000
20210719;000000;74.1050000;74.7800000;73.5125000;73.7600000;13005936000
20210726;000000;73.8000000;74.2800000;72.6950000;73.1600000;11556954000
20210802;000000;73.2100000;73.5100000;72.6825000;73.4900000;10865016000
20210809;000000;73.5050000;74.1425000;73.1600000;73.2100000;9131121000
20210816;000000;73.2950000;74.5950000;73.1875000;74.2600000;12016357000
20210823;000000;74.0925000;74.4800000;73.5300000;73.5300000;9656560000
20210830;000000;73.5500000;73.6950000;72.5500000;72.7225000;9225747000
20210906;000000;72.7500000;73.5325000;72.6850000;73.1750000;8521473000
20210913;000000;73.1725000;73.2225000;72.2450000;72.8525000;10503888000
20210920;000000;73.0450000;73.6225000;72.5625000;72.7225000;12933641000
20210927;000000;72.8100000;73.2450000;72.4000000;72.7300000;12215808000
20211004;000000;72.9700000;73.0050000;71.6500000;71.8750000;12243005000
20211011;000000;71.8750000;72.1350000;70.9050000;71.0250000;11734642000
20211018;000000;71.0250000;73.7250000;69.8150000;70.3375000;11267985000
20211025;000000;70.3525000;71.0200000;69.2100000;70.9550000;15626777000
20211101;000000;71.3400000;72.2550000;70.7250000;71.2550000;9070326000
20211108;000000;71.2550000;73.2200000;70.5100000;72.8875000;15431338000
20211115;000000;72.7200000;73.6775000;71.1525000;73.4450000;17089675000
20211122;000000;73.4525000;75.9225000;73.1600000;75.6050000;18512370000
20211129;000000;74.8050000;75.2550000;73.3000000;73.8325000;16634888000
20211206;000000;73.7975000;74.6350000;73.2625000;73.3725000;14441055000
20211213;000000;73.4050000;74.3750000;73.2475000;74.1300000;12347220000
20211220;000000;74.3100000;74.5000000;73.1300000;73.6500000;11560694000
20211227;000000;73.6675000;75.1500000;73.0825000;74.6800000;10465872000
20220103;000000;74.6775000;77.3450000;74.1750000;75.7500000;7945498000
20220110;000000;75.5000000;76.9900000;74.3100000;76.2100000;20414841000
20220117;000000;76.2275000;77.5375000;75.6125000;77.4250000;22331274000
20220124;000000;77.2400000;80.4125000;76.9775000;77.8000000;24618857000
20220131;000000;77.8025000;77.8600000;75.6525000;75.8300000;16653898000
20220207;000000;75.8400000;77.6200000;74.2550000;77.1675000;17847166000
20220214;000000;77.2825000;78.2900000;74.8325000;77.3000000;25820726000
20220221;000000;77.6250000;89.6000000;76.1450000;83.0000000;35317884000
20220228;000000;90.0000000;118.3500000;85.0000000;105.0000000;8862829000
20220307;000000;113.8825000;121.5275000;113.1300000;114.2525000;2017886000
20220314;000000;116.2000000;117.0000000;101.7000000;104.8200000;3679359000
20220321;000000;101.0925000;105.9000000;92.0375000;96.0000000;4940436000
20220328;000000;96.0000000;96.5000000;80.3325000;83.9500000;4869041000
20220404;000000;84.9000000;85.3150000;71.0000000;76.0800000;4296509000
20220411;000000;81.9000000;82.8600000;77.8200000;79.9950000;4876825000
20220418;000000;80.4600000;80.8600000;71.8850000;75.4500000;5787115000
20220425;000000;75.4550000;75.5600000;70.3075000;70.9600000;6373212000
20220502;000000;70.0000000;70.9300000;65.3125000;69.4025000;3787639000
20220509;000000;69.4500000;70.2025000;62.6250000;64.5450000;4455734000
20220516;000000;64.4800000;64.4800000;57.0750000;60.2325000;8808932000
20220523;000000;60.3475000;67.4950000;55.8000000;66.7000000;14489367000
20220530;000000;67.2125000;67.2125000;60.2500000;60.9500000;9560371000
20220606;000000;60.8000000;61.9725000;56.2500000;56.8000000;8766345000
20220613;000000;56.9000000;58.3375000;55.6300000;56.4100000;6900328000
20220620;000000;56.6200000;56.8700000;52.8000000;53.4000000;9461635000
20220627;000000;53.4300000;55.8700000;50.0125000;54.5000000;11003123000
20220704;000000;55.4600000;64.9525000;54.5025000;60.9200000;10767982000
20220711;000000;61.2900000;61.8750000;56.5000000;57.1650000;8137697000
20220718;000000;57.1850000;58.8925000;54.5700000;57.2900000;10351187000
20220725;000000;57.6925000;62.2725000;57.0500000;61.6200000;10135803000
20220801;000000;61.3150000;62.6675000;59.3000000;60.5800000;8314462000
20220808;000000;60.5000000;61.4500000;59.9225000;60.6050000;10224324000
20220815;000000;60.6000000;61.6825000;57.7000000;59.1000000;7258132000
20220822;000000;59.2300000;60.5000000;59.1325000;60.5000000;6304353000
20220829;000000;60.4525000;60.8500000;59.6125000;60.5800000;5284265000
20220905;000000;60.7000000;61.5550000;60.2800000;60.6000000;6042815000
20220912;000000;61.0000000;61.0525000;59.4500000;60.2750000;7632837000
20220919;000000;60.3000000;62.7975000;56.6525000;57.9200000;9332956000
20220926;000000;58.1875000;59.2375000;53.2300000;58.4500000;9965897000
20221003;000000;58.2875000;61.7000000;56.7600000;61.0025000;5425350000
20221010;000000;61.0025000;64.9275000;61.0025000;62.1075000;7182900000
20221017;000000;62.0575000;62.6475000;60.7000000;61.2900000;6070508000
20221024;000000;61.0100000;62.0475000;60.8675000;61.5200000;6900562000
20221031;000000;61.7425000;62.4825000;61.0400000;62.1000000;5212713000
20221107;000000;61.9950000;62.3125000;59.9800000;60.5375000;6935488000
20221114;000000;60.2600000;61.0675000;60.0350000;60.4025000;6267530000
20221121;000000;60.5250000;61.1950000;60.3100000;60.5025000;5434992000
20221128;000000;60.6650000;62.0500000;60.5050000;62.0000000;5553126000
20221205;000000;62.0025000;63.4325000;61.4700000;62.4300000;5949363000
20221212;000000;62.1550000;64.9500000;62.1550000;64.6500000;6488891000
20221219;000000;64.8500000;72.6325000;64.6075000;70.2000000;9509090000
20221226;000000;69.9000000;72.9175000;67.8375000;69.9000000;9515829000
20230102;000000;70.8000000;72.4575000;69.6700000;72.1225000;694256000
20230109;000000;71.9150000;72.3000000;67.0875000;68.7875000;6081915000
20230116;000000;68.5350000;69.8325000;67.7575000;68.8300000;5531602000
20230123;000000;68.7025000;69.7300000;68.4650000;69.4600000;4746137000
20230130;000000;69.3700000;70.8300000;69.2275000;70.6000000;4561668000
20230206;000000;70.6100000;73.3950000;70.4425000;73.3900000;4606540000
20230213;000000;73.4175000;75.3000000;72.9150000;74.2900000;5471590000
20230220;000000;74.2150000;76.3625000;73.5875000;76.1300000;4202679000
20230227;000000;76.0000000;76.4875000;73.9800000;75.6325000;5339789000
20230306;000000;75.6025000;76.3000000;75.2225000;76.1000000;3216452000
20230313;000000;75.9025000;77.4900000;74.7300000;77.0600000;5888725000
20230320;000000;76.9475000;77.7575000;75.7125000;77.0750000;5226516000
20230327;000000;76.7375000;77.9500000;76.3175000;77.5975000;5174116000
20230403;000000;77.3025000;83.5000000;77.2925000;81.1275000;6121554000
20230410;000000;80.7225000;82.5925000;80.7225000;81.7900000;4880720000
20230417;000000;81.6525000;82.2000000;81.1750000;81.7000000;4814470000
20230424;000000;81.6075000;81.9900000;79.0175000;80.2500000;6268831000
20230501;000000;80.1000000;80.6200000;76.2550000;77.3800000;6046241000
20230508;000000;77.3800000;78.4900000;75.2325000;77.9200000;5077681000
20230515;000000;77.6675000;81.0600000;77.6675000;80.0000000;5345090000
20230522;000000;79.7575000;80.4775000;79.7350000;80.0600000;4205011000
20230529;000000;79.9175000;81.5275000;79.9000000;81.5000000;4747561000
20230605;000000;81.3575000;83.0400000;80.7200000;82.6350000;4053466000
